{"schemaVersion":"1.0","appDefinitionTemplate":{"id":"/providers/Microsoft.PowerApps/apps/","type":"Microsoft.PowerApps/apps","tags":{"primaryDeviceWidth":"1366","primaryDeviceHeight":"768","sienaVersion":"1d29c4fc-34e0-4b69-ab85-dc8c9f580cee","deviceCapabilities":"","supportsPortrait":"true","supportsLandscape":"true","primaryFormFactor":"Tablet","publisherVersion":"3.22021.27","minimumRequiredApiVersion":"2.2.0","hasComponent":"true","hasUnlockedComponent":"true","isUnifiedRootApp":"false"},"properties":{"appVersion":"2022-02-20T19:48:07Z","lifeCycleId":"Published","createdByClientVersion":{"major":3,"minor":22021,"build":27,"revision":0,"majorRevision":0,"minorRevision":0},"minClientVersion":{"major":3,"minor":22021,"build":27,"revision":0,"majorRevision":0,"minorRevision":0},"backgroundColor":"RGBA(0,176,240,1)","backgroundImageUri":"/3543386401533643924/N1586ccb2-f4bf-44b0-8fa2-4f872b7d7503-logoSmallFile","displayName":"ALBUS","description":"","commitMessage":"","appUris":{"documentUri":{"value":"/3543386401533643924/Nc2fa8fde-864a-4674-9c7d-135133351a3e-document.msapp"},"imageUris":[]},"createdTime":"0001-01-01T00:00:00Z","lastModifiedTime":"0001-01-01T00:00:00Z","sharedGroupsCount":0,"sharedUsersCount":0,"icons":{"smallIconUri":"/3543386401533643924/Na2f8bc00-d850-4b01-9f64-19c2c977ed0f-small.png","mediumIconUri":"/3543386401533643924/N959f012d-b563-43ef-ace2-2b28f16b9567-medium.png","largeIconUri":"/3543386401533643924/N5b6f9dbb-5628-4849-a2b9-b4a9d05bbd0f-large.png","wideIconUri":"/3543386401533643924/Nf25a2bfc-1330-4d9e-a161-f39ddd9f1db2-wide.png"},"connectionReferences":{"64852b16-4509-4d34-be4c-adfa1f496b3a":{"id":"69eceea8-28df-42b8-8bc4-9b4072bd8cfd","displayName":"Office 365 Users","iconUri":"https://connectoricons-prod.azureedge.net/releases/v1.0.1551/1.0.1551.2693/office365users/icon.png","dataSources":["Office365Users"],"dependencies":[],"dependents":[],"parameterHints":{},"parameterHintsV2":{},"isOnPremiseConnection":false,"dataSets":{},"apiTier":"Standard","isCustomApiConnection":false}},"databaseReferences":{},"almMode":"Solution","performanceOptimizationEnabled":true,"canConsumeAppPass":true,"executionRestrictions":{"isTeamsOnly":false,"dataLossPreventionEvaluationResult":{"status":"Compliant","lastEvaluationDate":"2022-02-20T19:48:22.8389011Z","violations":[],"violationsByPolicy":[],"violationErrorMessage":"The app uses the following connectors: shared_office365users."}}},"appType":"ClassicCanvasApp","appComponents":[]}}